mean_fit_time,std_fit_time,mean_score_time,std_score_time,param_classifier__class_weight,param_classifier__max_depth,param_classifier__min_samples_leaf,params,split0_test_accuracy,split1_test_accuracy,split2_test_accuracy,split3_test_accuracy,split4_test_accuracy,mean_test_accuracy,std_test_accuracy,rank_test_accuracy,split0_test_precision,split1_test_precision,split2_test_precision,split3_test_precision,split4_test_precision,mean_test_precision,std_test_precision,rank_test_precision,split0_test_recall,split1_test_recall,split2_test_recall,split3_test_recall,split4_test_recall,mean_test_recall,std_test_recall,rank_test_recall,split0_test_roc_auc,split1_test_roc_auc,split2_test_roc_auc,split3_test_roc_auc,split4_test_roc_auc,mean_test_roc_auc,std_test_roc_auc,rank_test_roc_auc
1.6321694374084472,0.6987453685402195,0.26465258598327634,0.09597060668775284,,,1,"{'classifier__class_weight': None, 'classifier__max_depth': None, 'classifier__min_samples_leaf': 1}",0.8571428571428571,0.7959183673469388,0.7916666666666666,0.8333333333333334,0.7916666666666666,0.8139455782312925,0.026681716910791246,3,0.8333333333333334,0.8333333333333334,0.8333333333333334,0.7916666666666666,0.7727272727272727,0.8128787878787879,0.025757575757575788,5,0.8695652173913043,0.6818181818181818,0.6818181818181818,0.8636363636363636,0.7727272727272727,0.773913043478261,0.08266068678052056,7,0.9464882943143812,0.8535353535353535,0.881118881118881,0.9117132867132867,0.8706293706293706,0.8926970372622547,0.03289313047144679,15
2.190575647354126,0.6495187679601752,0.2778205394744873,0.059722559392796026,,,3,"{'classifier__class_weight': None, 'classifier__max_depth': None, 'classifier__min_samples_leaf': 3}",0.8775510204081632,0.8571428571428571,0.7708333333333334,0.7916666666666666,0.7708333333333334,0.8136054421768707,0.04499946652570181,4,0.84,0.9411764705882353,0.7894736842105263,0.75,0.7619047619047619,0.8165109833407047,0.0696129061065523,3,0.9130434782608695,0.7272727272727273,0.6818181818181818,0.8181818181818182,0.7272727272727273,0.7735177865612648,0.0826417847001059,8,0.9565217391304347,0.8905723905723906,0.8653846153846154,0.9003496503496503,0.8811188811188811,0.8987894553111945,0.031084090719438597,9
1.5941309452056884,0.3855507390390841,0.23933787345886232,0.06602438710673013,,,5,"{'classifier__class_weight': None, 'classifier__max_depth': None, 'classifier__min_samples_leaf': 5}",0.8571428571428571,0.8163265306122449,0.7916666666666666,0.7708333333333334,0.7916666666666666,0.8055272108843538,0.029559075617530007,11,0.8076923076923077,0.8823529411764706,0.8333333333333334,0.72,0.8,0.8086757164404222,0.05286955522866899,7,0.9130434782608695,0.6818181818181818,0.6818181818181818,0.8181818181818182,0.7272727272727273,0.7644268774703556,0.089448657623281,15,0.9565217391304348,0.8956228956228955,0.8583916083916083,0.9003496503496503,0.8986013986013986,0.9018974584191974,0.03139809194288893,2
1.1016891956329347,0.2500217179128155,0.20047249794006347,0.06885815014332694,,5,1,"{'classifier__class_weight': None, 'classifier__max_depth': 5, 'classifier__min_samples_leaf': 1}",0.8571428571428571,0.7959183673469388,0.7916666666666666,0.7916666666666666,0.7916666666666666,0.8056122448979591,0.025817872557294497,8,0.8076923076923077,0.875,0.8333333333333334,0.75,0.7727272727272727,0.8077505827505828,0.04413326794328437,9,0.9130434782608695,0.6363636363636364,0.6818181818181818,0.8181818181818182,0.7727272727272727,0.7644268774703556,0.09825454143494039,15,0.9481605351170568,0.8737373737373738,0.8723776223776224,0.8828671328671329,0.8846153846153846,0.8923516097429142,0.02831921815865141,16
0.9116921424865723,0.26336383990077633,0.19302191734313964,0.0991260959378134,,5,3,"{'classifier__class_weight': None, 'classifier__max_depth': 5, 'classifier__min_samples_leaf': 3}",0.8367346938775511,0.8163265306122449,0.8125,0.7916666666666666,0.7708333333333334,0.8056122448979591,0.022516197552097914,8,0.7777777777777778,0.8823529411764706,0.8823529411764706,0.75,0.7619047619047619,0.8108776844070962,0.059021128549961215,6,0.9130434782608695,0.6818181818181818,0.6818181818181818,0.8181818181818182,0.7272727272727273,0.7644268774703556,0.089448657623281,15,0.951505016722408,0.888888888888889,0.8618881118881119,0.8968531468531469,0.8793706293706294,0.8957011587446368,0.03023842915810873,13
1.2776966571807862,0.27840526220378403,0.2503961086273193,0.05319398936915764,,5,5,"{'classifier__class_weight': None, 'classifier__max_depth': 5, 'classifier__min_samples_leaf': 5}",0.8775510204081632,0.8367346938775511,0.8125,0.7708333333333334,0.7916666666666666,0.8178571428571428,0.037001620598053765,2,0.84,0.8888888888888888,0.8823529411764706,0.72,0.8,0.8262483660130717,0.06202960244356805,1,0.9130434782608695,0.7272727272727273,0.6818181818181818,0.8181818181818182,0.7272727272727273,0.7735177865612648,0.0826417847001059,8,0.9565217391304348,0.8888888888888888,0.8636363636363636,0.8951048951048952,0.8951048951048951,0.8998513563730954,0.03062120658389614,8
0.989550256729126,0.20464062812855063,0.14570789337158202,0.0278351955071045,,10,1,"{'classifier__class_weight': None, 'classifier__max_depth': 10, 'classifier__min_samples_leaf': 1}",0.8571428571428571,0.7959183673469388,0.7708333333333334,0.8333333333333334,0.7708333333333334,0.8056122448979591,0.03445861106774376,8,0.8333333333333334,0.8333333333333334,0.7894736842105263,0.7916666666666666,0.7619047619047619,0.8019423558897243,0.027694235588972462,10,0.8695652173913043,0.6818181818181818,0.6818181818181818,0.8636363636363636,0.7272727272727273,0.7648221343873518,0.08476394941025227,14,0.9481605351170568,0.851851851851852,0.881118881118881,0.9055944055944056,0.8723776223776224,0.8918206592119636,0.03302714944979048,18
1.0237735271453858,0.3375236199045369,0.23237080574035646,0.1119967814475575,,10,3,"{'classifier__class_weight': None, 'classifier__max_depth': 10, 'classifier__min_samples_leaf': 3}",0.8775510204081632,0.8571428571428571,0.7708333333333334,0.7916666666666666,0.7708333333333334,0.8136054421768707,0.04499946652570181,4,0.84,0.9411764705882353,0.7894736842105263,0.75,0.7619047619047619,0.8165109833407047,0.0696129061065523,3,0.9130434782608695,0.7272727272727273,0.6818181818181818,0.8181818181818182,0.7272727272727273,0.7735177865612648,0.0826417847001059,8,0.9565217391304347,0.8905723905723906,0.8653846153846154,0.9003496503496503,0.8811188811188811,0.8987894553111945,0.031084090719438597,9
0.8370134830474854,0.28339608079376605,0.20001182556152344,0.08445011512672819,,10,5,"{'classifier__class_weight': None, 'classifier__max_depth': 10, 'classifier__min_samples_leaf': 5}",0.8571428571428571,0.8163265306122449,0.7916666666666666,0.7708333333333334,0.7916666666666666,0.8055272108843538,0.029559075617530007,11,0.8076923076923077,0.8823529411764706,0.8333333333333334,0.72,0.8,0.8086757164404222,0.05286955522866899,7,0.9130434782608695,0.6818181818181818,0.6818181818181818,0.8181818181818182,0.7272727272727273,0.7644268774703556,0.089448657623281,15,0.9565217391304348,0.8956228956228955,0.8583916083916083,0.9003496503496503,0.8986013986013986,0.9018974584191974,0.03139809194288893,2
1.1259888648986816,0.28320229855416473,0.16929407119750978,0.06850401160111387,balanced,,1,"{'classifier__class_weight': 'balanced', 'classifier__max_depth': None, 'classifier__min_samples_leaf': 1}",0.8163265306122449,0.7959183673469388,0.7916666666666666,0.8125,0.8125,0.8057823129251702,0.009979820214498928,6,0.75,0.8333333333333334,0.8,0.76,0.8095238095238095,0.7905714285714286,0.0311683309243166,11,0.9130434782608695,0.6818181818181818,0.7272727272727273,0.8636363636363636,0.7727272727272727,0.791699604743083,0.08542122914951522,1,0.9540133779264214,0.8569023569023569,0.8767482517482518,0.8986013986013986,0.8802447552447552,0.8933020280846368,0.033116181164722924,14
1.394190263748169,0.26971700512765634,0.3215492725372314,0.14161845556465516,balanced,,3,"{'classifier__class_weight': 'balanced', 'classifier__max_depth': None, 'classifier__min_samples_leaf': 3}",0.8163265306122449,0.8367346938775511,0.7708333333333334,0.7708333333333334,0.75,0.7889455782312925,0.032268811635374726,17,0.75,0.8888888888888888,0.7894736842105263,0.72,0.7272727272727273,0.7751270600744284,0.06181905594174439,17,0.9130434782608695,0.7272727272727273,0.6818181818181818,0.8181818181818182,0.7272727272727273,0.7735177865612648,0.0826417847001059,8,0.9531772575250836,0.8922558922558922,0.8636363636363636,0.8968531468531469,0.8846153846153847,0.8981076089771743,0.029795265827215686,11
1.3289976596832276,0.24310908514850338,0.30579075813293455,0.12053678211859892,balanced,,5,"{'classifier__class_weight': 'balanced', 'classifier__max_depth': None, 'classifier__min_samples_leaf': 5}",0.8367346938775511,0.8367346938775511,0.7708333333333334,0.7708333333333334,0.7916666666666666,0.8013605442176871,0.029867887099849215,13,0.7777777777777778,0.8888888888888888,0.7894736842105263,0.72,0.75,0.7852280701754385,0.05712235201527672,14,0.9130434782608695,0.7272727272727273,0.6818181818181818,0.8181818181818182,0.8181818181818182,0.791699604743083,0.0804384243283162,1,0.9581939799331103,0.8956228956228957,0.8583916083916083,0.9003496503496504,0.8951048951048951,0.9015326058804319,0.03209142096822141,5
1.4671159744262696,0.5405526664527133,0.30528650283813474,0.11169810499220592,balanced,5,1,"{'classifier__class_weight': 'balanced', 'classifier__max_depth': 5, 'classifier__min_samples_leaf': 1}",0.8571428571428571,0.8163265306122449,0.7916666666666666,0.7916666666666666,0.8333333333333334,0.8180272108843537,0.025127515049987496,1,0.8076923076923077,0.8823529411764706,0.8333333333333334,0.75,0.8181818181818182,0.818312080076786,0.04267600440027875,2,0.9130434782608695,0.6818181818181818,0.6818181818181818,0.8181818181818182,0.8181818181818182,0.782608695652174,0.0892878289186563,6,0.9498327759197324,0.8821548821548822,0.881118881118881,0.8986013986013985,0.8968531468531469,0.9017122169296081,0.0251215078110578,4
1.090418004989624,0.29598385075826567,0.1876009464263916,0.12581652103871838,balanced,5,3,"{'classifier__class_weight': 'balanced', 'classifier__max_depth': 5, 'classifier__min_samples_leaf': 3}",0.8367346938775511,0.7959183673469388,0.7708333333333334,0.7708333333333334,0.8125,0.7973639455782313,0.025254672572449545,16,0.7777777777777778,0.8333333333333334,0.7894736842105263,0.72,0.8095238095238095,0.7860217209690893,0.03802494739041856,13,0.9130434782608695,0.6818181818181818,0.6818181818181818,0.8181818181818182,0.7727272727272727,0.7735177865612648,0.08749920490730415,8,0.9548494983277592,0.8905723905723905,0.8793706293706294,0.8968531468531469,0.8986013986013985,0.9040494127450648,0.026278463697830257,1
1.5987975597381592,0.093898994721273,0.23576931953430175,0.02883111659195101,balanced,5,5,"{'classifier__class_weight': 'balanced', 'classifier__max_depth': 5, 'classifier__min_samples_leaf': 5}",0.8367346938775511,0.8367346938775511,0.7708333333333334,0.7708333333333334,0.7916666666666666,0.8013605442176871,0.029867887099849215,13,0.7777777777777778,0.8888888888888888,0.7894736842105263,0.72,0.75,0.7852280701754385,0.05712235201527672,14,0.9130434782608695,0.7272727272727273,0.6818181818181818,0.8181818181818182,0.8181818181818182,0.791699604743083,0.0804384243283162,1,0.9565217391304347,0.8905723905723906,0.8583916083916084,0.9003496503496503,0.8968531468531469,0.9005377070594461,0.03169676438304614,7
1.0252084255218505,0.29644692043405285,0.219572114944458,0.08196266800774099,balanced,10,1,"{'classifier__class_weight': 'balanced', 'classifier__max_depth': 10, 'classifier__min_samples_leaf': 1}",0.8163265306122449,0.7959183673469388,0.7916666666666666,0.8125,0.8125,0.8057823129251702,0.009979820214498928,6,0.75,0.8333333333333334,0.8,0.76,0.8095238095238095,0.7905714285714286,0.0311683309243166,11,0.9130434782608695,0.6818181818181818,0.7272727272727273,0.8636363636363636,0.7727272727272727,0.791699604743083,0.08542122914951522,1,0.951505016722408,0.8585858585858587,0.8723776223776224,0.8951048951048951,0.881993006993007,0.8919132799567582,0.03210025621691633,17
1.0457706451416016,0.12762804945284656,0.149306058883667,0.0488685384106775,balanced,10,3,"{'classifier__class_weight': 'balanced', 'classifier__max_depth': 10, 'classifier__min_samples_leaf': 3}",0.8163265306122449,0.8367346938775511,0.7708333333333334,0.7708333333333334,0.75,0.7889455782312925,0.032268811635374726,17,0.75,0.8888888888888888,0.7894736842105263,0.72,0.7272727272727273,0.7751270600744284,0.06181905594174439,17,0.9130434782608695,0.7272727272727273,0.6818181818181818,0.8181818181818182,0.7272727272727273,0.7735177865612648,0.0826417847001059,8,0.9531772575250836,0.8922558922558922,0.8636363636363636,0.8968531468531469,0.8846153846153847,0.8981076089771743,0.029795265827215686,11
0.7555791854858398,0.08710108984224321,0.1007319450378418,0.012685283928416235,balanced,10,5,"{'classifier__class_weight': 'balanced', 'classifier__max_depth': 10, 'classifier__min_samples_leaf': 5}",0.8367346938775511,0.8367346938775511,0.7708333333333334,0.7708333333333334,0.7916666666666666,0.8013605442176871,0.029867887099849215,13,0.7777777777777778,0.8888888888888888,0.7894736842105263,0.72,0.75,0.7852280701754385,0.05712235201527672,14,0.9130434782608695,0.7272727272727273,0.6818181818181818,0.8181818181818182,0.8181818181818182,0.791699604743083,0.0804384243283162,1,0.9581939799331103,0.8956228956228957,0.8583916083916083,0.9003496503496504,0.8951048951048951,0.9015326058804319,0.03209142096822141,5
